-- phpMyAdmin SQL Dump
-- version 5.2.1
-- https://www.phpmyadmin.net/
--
-- Hôte : 127.0.0.1:3307
-- Généré le : jeu. 14 août 2025 à 15:16
-- Version du serveur : 11.5.2-MariaDB
-- Version de PHP : 8.3.14

SET SQL_MODE = "NO_AUTO_VALUE_ON_ZERO";
START TRANSACTION;
SET time_zone = "+00:00";


/*!40101 SET @OLD_CHARACTER_SET_CLIENT=@@CHARACTER_SET_CLIENT */;
/*!40101 SET @OLD_CHARACTER_SET_RESULTS=@@CHARACTER_SET_RESULTS */;
/*!40101 SET @OLD_COLLATION_CONNECTION=@@COLLATION_CONNECTION */;
/*!40101 SET NAMES utf8mb4 */;

--
-- Base de données : `application_mvc_php`
--

-- --------------------------------------------------------

--
-- Structure de la table `agencies`
--

DROP TABLE IF EXISTS `agencies`;
CREATE TABLE IF NOT EXISTS `agencies` (
  `id` int(10) UNSIGNED NOT NULL AUTO_INCREMENT,
  `name` varchar(120) NOT NULL,
  `city` enum('Paris','Lyon','Marseille','Toulouse','Nice','Nantes','Strasbourg','Montpellier','Bordeaux','Lille','Rennes','Reims') NOT NULL,
  `created_at` timestamp NULL DEFAULT current_timestamp(),
  PRIMARY KEY (`id`),
  KEY `idx_agencies_city` (`city`),
  KEY `idx_agencies_name` (`name`)
) ENGINE=InnoDB AUTO_INCREMENT=13 DEFAULT CHARSET=utf8mb4 COLLATE=utf8mb4_uca1400_ai_ci;

--
-- Déchargement des données de la table `agencies`
--

INSERT INTO `agencies` (`id`, `name`, `city`, `created_at`) VALUES
(1, 'Agence Paris', 'Paris', '2025-08-14 09:55:41'),
(2, 'Agence Lyon', 'Lyon', '2025-08-14 09:55:41'),
(3, 'Agence Marseille', 'Marseille', '2025-08-14 09:55:41'),
(4, 'Agence Toulouse', 'Toulouse', '2025-08-14 09:55:41'),
(5, 'Agence Nice', 'Nice', '2025-08-14 09:55:41'),
(6, 'Agence Nantes', 'Nantes', '2025-08-14 09:55:41'),
(7, 'Agence Strasbourg', 'Strasbourg', '2025-08-14 09:55:41'),
(8, 'Agence Montpellier', 'Montpellier', '2025-08-14 09:55:41'),
(9, 'Agence Bordeaux', 'Bordeaux', '2025-08-14 09:55:41'),
(10, 'Agence Lille', 'Lille', '2025-08-14 09:55:41'),
(11, 'Agence Rennes', 'Rennes', '2025-08-14 09:55:41'),
(12, 'Agence Reims', 'Reims', '2025-08-14 09:55:41');

-- --------------------------------------------------------

--
-- Structure de la table `agency_route_durations`
--

DROP TABLE IF EXISTS `agency_route_durations`;
CREATE TABLE IF NOT EXISTS `agency_route_durations` (
  `origin_agency_id` int(11) NOT NULL,
  `destination_agency_id` int(11) NOT NULL,
  `duration_seconds` int(11) NOT NULL,
  `updated_at` datetime NOT NULL DEFAULT current_timestamp() ON UPDATE current_timestamp(),
  PRIMARY KEY (`origin_agency_id`,`destination_agency_id`)
) ENGINE=InnoDB DEFAULT CHARSET=utf8mb4 COLLATE=utf8mb4_uca1400_ai_ci;

-- --------------------------------------------------------

--
-- Structure de la table `trips`
--

DROP TABLE IF EXISTS `trips`;
CREATE TABLE IF NOT EXISTS `trips` (
  `id` int(10) UNSIGNED NOT NULL AUTO_INCREMENT,
  `origin_agency_id` int(10) UNSIGNED NOT NULL,
  `destination_agency_id` int(10) UNSIGNED NOT NULL,
  `author_user_id` int(10) UNSIGNED DEFAULT NULL,
  `places_available` int(10) UNSIGNED NOT NULL,
  `departure_at` datetime NOT NULL,
  `arrival_at` datetime DEFAULT NULL,
  `created_at` datetime NOT NULL DEFAULT current_timestamp(),
  PRIMARY KEY (`id`),
  KEY `idx_trips_origin` (`origin_agency_id`),
  KEY `idx_trips_dest` (`destination_agency_id`),
  KEY `idx_departure_at` (`departure_at`),
  KEY `idx_places_available` (`places_available`),
  KEY `idx_origin_dest` (`origin_agency_id`,`destination_agency_id`),
  KEY `idx_trips_author` (`author_user_id`)
) ENGINE=InnoDB AUTO_INCREMENT=393 DEFAULT CHARSET=utf8mb4 COLLATE=utf8mb4_uca1400_ai_ci;

--
-- Déchargement des données de la table `trips`
--

INSERT INTO `trips` (`id`, `origin_agency_id`, `destination_agency_id`, `author_user_id`, `places_available`, `departure_at`, `arrival_at`, `created_at`) VALUES
(1, 1, 2, 7, 23, '2025-08-20 08:00:00', NULL, '2025-08-14 12:25:46'),
(2, 2, 3, 21, 35, '2025-08-21 09:30:00', NULL, '2025-08-14 12:25:46'),
(3, 3, 4, 6, 50, '2025-08-22 07:45:00', NULL, '2025-08-14 12:25:46'),
(4, 5, 1, 22, 30, '2025-08-23 10:15:00', NULL, '2025-08-14 12:25:46'),
(5, 6, 9, 16, 25, '2025-08-24 06:00:00', NULL, '2025-08-14 12:25:46'),
(6, 2, 1, 8, 40, '2025-09-01 08:00:00', NULL, '2025-08-14 12:28:56'),
(7, 3, 1, 8, 40, '2025-09-01 08:00:00', NULL, '2025-08-14 12:28:56'),
(8, 4, 1, 12, 40, '2025-09-01 08:00:00', NULL, '2025-08-14 12:28:56'),
(9, 5, 1, 9, 40, '2025-09-01 08:00:00', NULL, '2025-08-14 12:28:56'),
(10, 6, 1, 22, 40, '2025-09-01 08:00:00', NULL, '2025-08-14 12:28:56'),
(11, 7, 1, 5, 40, '2025-09-01 08:00:00', NULL, '2025-08-14 12:28:56'),
(12, 8, 1, 8, 40, '2025-09-01 08:00:00', NULL, '2025-08-14 12:28:56'),
(13, 9, 1, 17, 40, '2025-09-01 08:00:00', NULL, '2025-08-14 12:28:56'),
(14, 10, 1, 4, 40, '2025-09-01 08:00:00', NULL, '2025-08-14 12:28:56'),
(15, 11, 1, 13, 40, '2025-09-01 08:00:00', NULL, '2025-08-14 12:28:56'),
(16, 12, 1, 8, 40, '2025-09-01 08:00:00', NULL, '2025-08-14 12:28:56'),
(17, 1, 2, 13, 40, '2025-09-01 08:00:00', NULL, '2025-08-14 12:28:56'),
(18, 3, 2, 20, 40, '2025-09-01 08:00:00', NULL, '2025-08-14 12:28:56'),
(19, 4, 2, 16, 40, '2025-09-01 08:00:00', NULL, '2025-08-14 12:28:56'),
(20, 5, 2, 4, 40, '2025-09-01 08:00:00', NULL, '2025-08-14 12:28:56'),
(21, 6, 2, 16, 40, '2025-09-01 08:00:00', NULL, '2025-08-14 12:28:56'),
(22, 7, 2, 17, 40, '2025-09-01 08:00:00', NULL, '2025-08-14 12:28:56'),
(23, 8, 2, 22, 40, '2025-09-01 08:00:00', NULL, '2025-08-14 12:28:56'),
(24, 9, 2, 17, 40, '2025-09-01 08:00:00', NULL, '2025-08-14 12:28:56'),
(25, 10, 2, 6, 40, '2025-09-01 08:00:00', NULL, '2025-08-14 12:28:56'),
(26, 11, 2, 5, 40, '2025-09-01 08:00:00', NULL, '2025-08-14 12:28:56'),
(27, 12, 2, 22, 40, '2025-09-01 08:00:00', NULL, '2025-08-14 12:28:56'),
(28, 1, 3, 14, 40, '2025-09-01 08:00:00', NULL, '2025-08-14 12:28:56'),
(29, 2, 3, 17, 40, '2025-09-01 08:00:00', NULL, '2025-08-14 12:28:56'),
(30, 4, 3, 22, 40, '2025-09-01 08:00:00', NULL, '2025-08-14 12:28:56'),
(31, 5, 3, 8, 40, '2025-09-01 08:00:00', NULL, '2025-08-14 12:28:56'),
(32, 6, 3, 15, 40, '2025-09-01 08:00:00', NULL, '2025-08-14 12:28:56'),
(33, 7, 3, 16, 40, '2025-09-01 08:00:00', NULL, '2025-08-14 12:28:56'),
(34, 8, 3, 9, 40, '2025-09-01 08:00:00', NULL, '2025-08-14 12:28:56'),
(35, 9, 3, 9, 40, '2025-09-01 08:00:00', NULL, '2025-08-14 12:28:56'),
(36, 10, 3, 6, 40, '2025-09-01 08:00:00', NULL, '2025-08-14 12:28:56'),
(37, 11, 3, 14, 40, '2025-09-01 08:00:00', NULL, '2025-08-14 12:28:56'),
(38, 12, 3, 11, 40, '2025-09-01 08:00:00', NULL, '2025-08-14 12:28:56'),
(39, 1, 4, 14, 40, '2025-09-01 08:00:00', NULL, '2025-08-14 12:28:56'),
(40, 2, 4, 14, 40, '2025-09-01 08:00:00', NULL, '2025-08-14 12:28:56'),
(41, 3, 4, 6, 40, '2025-09-01 08:00:00', NULL, '2025-08-14 12:28:56'),
(42, 5, 4, 6, 40, '2025-09-01 08:00:00', NULL, '2025-08-14 12:28:56'),
(43, 6, 4, 12, 40, '2025-09-01 08:00:00', NULL, '2025-08-14 12:28:56'),
(44, 7, 4, 12, 40, '2025-09-01 08:00:00', NULL, '2025-08-14 12:28:56'),
(45, 8, 4, 19, 40, '2025-09-01 08:00:00', NULL, '2025-08-14 12:28:56'),
(46, 9, 4, 7, 40, '2025-09-01 08:00:00', NULL, '2025-08-14 12:28:56'),
(47, 10, 4, 19, 40, '2025-09-01 08:00:00', NULL, '2025-08-14 12:28:56'),
(48, 11, 4, 15, 40, '2025-09-01 08:00:00', NULL, '2025-08-14 12:28:56'),
(49, 12, 4, 8, 40, '2025-09-01 08:00:00', NULL, '2025-08-14 12:28:56'),
(50, 1, 5, 9, 40, '2025-09-01 08:00:00', NULL, '2025-08-14 12:28:56'),
(51, 2, 5, 4, 40, '2025-09-01 08:00:00', NULL, '2025-08-14 12:28:56'),
(52, 3, 5, 9, 40, '2025-09-01 08:00:00', NULL, '2025-08-14 12:28:56'),
(53, 4, 5, 18, 40, '2025-09-01 08:00:00', NULL, '2025-08-14 12:28:56'),
(54, 6, 5, 7, 40, '2025-09-01 08:00:00', NULL, '2025-08-14 12:28:56'),
(55, 7, 5, 12, 40, '2025-09-01 08:00:00', NULL, '2025-08-14 12:28:56'),
(56, 8, 5, 16, 40, '2025-09-01 08:00:00', NULL, '2025-08-14 12:28:56'),
(57, 9, 5, 4, 40, '2025-09-01 08:00:00', NULL, '2025-08-14 12:28:56'),
(58, 10, 5, 8, 40, '2025-09-01 08:00:00', NULL, '2025-08-14 12:28:56'),
(59, 11, 5, 7, 40, '2025-09-01 08:00:00', NULL, '2025-08-14 12:28:56'),
(60, 12, 5, 18, 40, '2025-09-01 08:00:00', NULL, '2025-08-14 12:28:56'),
(61, 1, 6, 20, 40, '2025-09-01 08:00:00', NULL, '2025-08-14 12:28:56'),
(62, 2, 6, 21, 40, '2025-09-01 08:00:00', NULL, '2025-08-14 12:28:56'),
(63, 3, 6, 20, 40, '2025-09-01 08:00:00', NULL, '2025-08-14 12:28:56'),
(64, 4, 6, 14, 40, '2025-09-01 08:00:00', NULL, '2025-08-14 12:28:56'),
(65, 5, 6, 7, 40, '2025-09-01 08:00:00', NULL, '2025-08-14 12:28:56'),
(66, 7, 6, 3, 40, '2025-09-01 08:00:00', NULL, '2025-08-14 12:28:56'),
(67, 8, 6, 10, 40, '2025-09-01 08:00:00', NULL, '2025-08-14 12:28:56'),
(68, 9, 6, 5, 40, '2025-09-01 08:00:00', NULL, '2025-08-14 12:28:56'),
(69, 10, 6, 20, 40, '2025-09-01 08:00:00', NULL, '2025-08-14 12:28:56'),
(70, 11, 6, 15, 40, '2025-09-01 08:00:00', NULL, '2025-08-14 12:28:56'),
(71, 12, 6, 18, 40, '2025-09-01 08:00:00', NULL, '2025-08-14 12:28:56'),
(72, 1, 7, 10, 40, '2025-09-01 08:00:00', NULL, '2025-08-14 12:28:56'),
(73, 2, 7, 17, 40, '2025-09-01 08:00:00', NULL, '2025-08-14 12:28:56'),
(74, 3, 7, 5, 40, '2025-09-01 08:00:00', NULL, '2025-08-14 12:28:56'),
(75, 4, 7, 18, 40, '2025-09-01 08:00:00', NULL, '2025-08-14 12:28:56'),
(76, 5, 7, 8, 40, '2025-09-01 08:00:00', NULL, '2025-08-14 12:28:56'),
(77, 6, 7, 19, 40, '2025-09-01 08:00:00', NULL, '2025-08-14 12:28:56'),
(78, 8, 7, 5, 40, '2025-09-01 08:00:00', NULL, '2025-08-14 12:28:56'),
(79, 9, 7, 11, 40, '2025-09-01 08:00:00', NULL, '2025-08-14 12:28:56'),
(80, 10, 7, 11, 40, '2025-09-01 08:00:00', NULL, '2025-08-14 12:28:56'),
(81, 11, 7, 21, 40, '2025-09-01 08:00:00', NULL, '2025-08-14 12:28:56'),
(82, 12, 7, 15, 40, '2025-09-01 08:00:00', NULL, '2025-08-14 12:28:56'),
(83, 1, 8, 19, 40, '2025-09-01 08:00:00', NULL, '2025-08-14 12:28:56'),
(84, 2, 8, 15, 40, '2025-09-01 08:00:00', NULL, '2025-08-14 12:28:56'),
(85, 3, 8, 17, 40, '2025-09-01 08:00:00', NULL, '2025-08-14 12:28:56'),
(86, 4, 8, 19, 40, '2025-09-01 08:00:00', NULL, '2025-08-14 12:28:56'),
(87, 5, 8, 16, 40, '2025-09-01 08:00:00', NULL, '2025-08-14 12:28:56'),
(88, 6, 8, 21, 40, '2025-09-01 08:00:00', NULL, '2025-08-14 12:28:56'),
(89, 7, 8, 5, 40, '2025-09-01 08:00:00', NULL, '2025-08-14 12:28:56'),
(90, 9, 8, 7, 40, '2025-09-01 08:00:00', NULL, '2025-08-14 12:28:56'),
(91, 10, 8, 16, 40, '2025-09-01 08:00:00', NULL, '2025-08-14 12:28:56'),
(92, 11, 8, 19, 40, '2025-09-01 08:00:00', NULL, '2025-08-14 12:28:56'),
(93, 12, 8, 13, 40, '2025-09-01 08:00:00', NULL, '2025-08-14 12:28:56'),
(94, 1, 9, 8, 40, '2025-09-01 08:00:00', NULL, '2025-08-14 12:28:56'),
(95, 2, 9, 4, 40, '2025-09-01 08:00:00', NULL, '2025-08-14 12:28:56'),
(96, 3, 9, 12, 40, '2025-09-01 08:00:00', NULL, '2025-08-14 12:28:56'),
(97, 4, 9, 7, 40, '2025-09-01 08:00:00', NULL, '2025-08-14 12:28:56'),
(98, 5, 9, 11, 40, '2025-09-01 08:00:00', NULL, '2025-08-14 12:28:56'),
(99, 6, 9, 21, 40, '2025-09-01 08:00:00', NULL, '2025-08-14 12:28:56'),
(100, 7, 9, 14, 40, '2025-09-01 08:00:00', NULL, '2025-08-14 12:28:56'),
(101, 8, 9, 9, 40, '2025-09-01 08:00:00', NULL, '2025-08-14 12:28:56'),
(102, 10, 9, 8, 40, '2025-09-01 08:00:00', NULL, '2025-08-14 12:28:56'),
(103, 11, 9, 3, 40, '2025-09-01 08:00:00', NULL, '2025-08-14 12:28:56'),
(104, 12, 9, 20, 40, '2025-09-01 08:00:00', NULL, '2025-08-14 12:28:56'),
(105, 1, 10, 8, 40, '2025-09-01 08:00:00', NULL, '2025-08-14 12:28:56'),
(106, 2, 10, 12, 40, '2025-09-01 08:00:00', NULL, '2025-08-14 12:28:56'),
(107, 3, 10, 3, 40, '2025-09-01 08:00:00', NULL, '2025-08-14 12:28:56'),
(108, 4, 10, 3, 40, '2025-09-01 08:00:00', NULL, '2025-08-14 12:28:56'),
(109, 5, 10, 6, 40, '2025-09-01 08:00:00', NULL, '2025-08-14 12:28:56'),
(110, 6, 10, 21, 40, '2025-09-01 08:00:00', NULL, '2025-08-14 12:28:56'),
(111, 7, 10, 14, 40, '2025-09-01 08:00:00', NULL, '2025-08-14 12:28:56'),
(112, 8, 10, 5, 40, '2025-09-01 08:00:00', NULL, '2025-08-14 12:28:56'),
(113, 9, 10, 16, 40, '2025-09-01 08:00:00', NULL, '2025-08-14 12:28:56'),
(114, 11, 10, 15, 40, '2025-09-01 08:00:00', NULL, '2025-08-14 12:28:56'),
(115, 12, 10, 9, 40, '2025-09-01 08:00:00', NULL, '2025-08-14 12:28:56'),
(116, 1, 11, 5, 40, '2025-09-01 08:00:00', NULL, '2025-08-14 12:28:56'),
(117, 2, 11, 15, 40, '2025-09-01 08:00:00', NULL, '2025-08-14 12:28:56'),
(118, 3, 11, 18, 40, '2025-09-01 08:00:00', NULL, '2025-08-14 12:28:56'),
(119, 4, 11, 12, 40, '2025-09-01 08:00:00', NULL, '2025-08-14 12:28:56'),
(120, 5, 11, 17, 40, '2025-09-01 08:00:00', NULL, '2025-08-14 12:28:56'),
(121, 6, 11, 9, 40, '2025-09-01 08:00:00', NULL, '2025-08-14 12:28:56'),
(122, 7, 11, 8, 40, '2025-09-01 08:00:00', NULL, '2025-08-14 12:28:56'),
(123, 8, 11, 11, 40, '2025-09-01 08:00:00', NULL, '2025-08-14 12:28:56'),
(124, 9, 11, 7, 40, '2025-09-01 08:00:00', NULL, '2025-08-14 12:28:56'),
(125, 10, 11, 6, 40, '2025-09-01 08:00:00', NULL, '2025-08-14 12:28:56'),
(126, 12, 11, 4, 40, '2025-09-01 08:00:00', NULL, '2025-08-14 12:28:56'),
(127, 1, 12, 17, 40, '2025-09-01 08:00:00', NULL, '2025-08-14 12:28:56'),
(128, 2, 12, 14, 40, '2025-09-01 08:00:00', NULL, '2025-08-14 12:28:56'),
(129, 3, 12, 13, 40, '2025-09-01 08:00:00', NULL, '2025-08-14 12:28:56'),
(130, 4, 12, 14, 40, '2025-09-01 08:00:00', NULL, '2025-08-14 12:28:56'),
(131, 5, 12, 16, 40, '2025-09-01 08:00:00', NULL, '2025-08-14 12:28:56'),
(132, 6, 12, 21, 40, '2025-09-01 08:00:00', NULL, '2025-08-14 12:28:56'),
(133, 7, 12, 5, 40, '2025-09-01 08:00:00', NULL, '2025-08-14 12:28:56'),
(134, 8, 12, 4, 40, '2025-09-01 08:00:00', NULL, '2025-08-14 12:28:56'),
(135, 9, 12, 3, 40, '2025-09-01 08:00:00', NULL, '2025-08-14 12:28:56'),
(136, 10, 12, 4, 40, '2025-09-01 08:00:00', NULL, '2025-08-14 12:28:56'),
(137, 11, 12, 17, 40, '2025-09-01 08:00:00', NULL, '2025-08-14 12:28:56'),
(261, 2, 1, 17, 23, '2025-09-01 08:00:00', NULL, '2025-08-14 12:29:20'),
(262, 3, 1, 11, 24, '2025-09-01 10:00:00', NULL, '2025-08-14 12:29:20'),
(263, 4, 1, 8, 25, '2025-09-01 12:00:00', NULL, '2025-08-14 12:29:20'),
(264, 5, 1, 12, 26, '2025-09-01 14:00:00', NULL, '2025-08-14 12:29:20'),
(265, 6, 1, 8, 27, '2025-09-01 16:00:00', NULL, '2025-08-14 12:29:20'),
(266, 7, 1, 5, 28, '2025-09-01 18:00:00', NULL, '2025-08-14 12:29:20'),
(267, 8, 1, 14, 29, '2025-09-01 20:00:00', NULL, '2025-08-14 12:29:20'),
(268, 9, 1, 8, 30, '2025-09-01 22:00:00', NULL, '2025-08-14 12:29:20'),
(269, 10, 1, 13, 31, '2025-09-02 00:00:00', NULL, '2025-08-14 12:29:20'),
(270, 11, 1, 6, 32, '2025-09-02 02:00:00', NULL, '2025-08-14 12:29:20'),
(271, 12, 1, 21, 33, '2025-09-02 04:00:00', NULL, '2025-08-14 12:29:20'),
(272, 1, 2, 6, 23, '2025-09-01 07:00:00', NULL, '2025-08-14 12:29:20'),
(273, 3, 2, 9, 25, '2025-09-01 11:00:00', NULL, '2025-08-14 12:29:20'),
(274, 4, 2, 12, 26, '2025-09-01 13:00:00', NULL, '2025-08-14 12:29:20'),
(275, 5, 2, 18, 27, '2025-09-01 15:00:00', NULL, '2025-08-14 12:29:20'),
(276, 6, 2, 5, 28, '2025-09-01 17:00:00', NULL, '2025-08-14 12:29:20'),
(277, 7, 2, 18, 29, '2025-09-01 19:00:00', NULL, '2025-08-14 12:29:20'),
(278, 8, 2, 20, 30, '2025-09-01 21:00:00', NULL, '2025-08-14 12:29:20'),
(279, 9, 2, 9, 31, '2025-09-01 23:00:00', NULL, '2025-08-14 12:29:20'),
(280, 10, 2, 21, 32, '2025-09-02 01:00:00', NULL, '2025-08-14 12:29:20'),
(281, 11, 2, 18, 33, '2025-09-02 03:00:00', NULL, '2025-08-14 12:29:20'),
(282, 12, 2, 7, 34, '2025-09-02 05:00:00', NULL, '2025-08-14 12:29:20'),
(283, 1, 3, 6, 24, '2025-09-01 08:00:00', NULL, '2025-08-14 12:29:20'),
(284, 2, 3, 9, 25, '2025-09-01 10:00:00', NULL, '2025-08-14 12:29:20'),
(285, 4, 3, 16, 27, '2025-09-01 14:00:00', NULL, '2025-08-14 12:29:20'),
(286, 5, 3, 6, 28, '2025-09-01 16:00:00', NULL, '2025-08-14 12:29:20'),
(287, 6, 3, 6, 29, '2025-09-01 18:00:00', NULL, '2025-08-14 12:29:20'),
(288, 7, 3, 5, 30, '2025-09-01 20:00:00', NULL, '2025-08-14 12:29:20'),
(289, 8, 3, 18, 31, '2025-09-01 22:00:00', NULL, '2025-08-14 12:29:20'),
(290, 9, 3, 20, 32, '2025-09-02 00:00:00', NULL, '2025-08-14 12:29:20'),
(291, 10, 3, 3, 33, '2025-09-02 02:00:00', NULL, '2025-08-14 12:29:20'),
(292, 11, 3, 3, 34, '2025-09-02 04:00:00', NULL, '2025-08-14 12:29:20'),
(293, 12, 3, 20, 35, '2025-09-02 06:00:00', NULL, '2025-08-14 12:29:20'),
(294, 1, 4, 18, 25, '2025-09-01 09:00:00', NULL, '2025-08-14 12:29:20'),
(295, 2, 4, 8, 26, '2025-09-01 11:00:00', NULL, '2025-08-14 12:29:20'),
(296, 3, 4, 4, 27, '2025-09-01 13:00:00', NULL, '2025-08-14 12:29:20'),
(297, 5, 4, 20, 29, '2025-09-01 17:00:00', NULL, '2025-08-14 12:29:20'),
(298, 6, 4, 18, 30, '2025-09-01 19:00:00', NULL, '2025-08-14 12:29:20'),
(299, 7, 4, 17, 31, '2025-09-01 21:00:00', NULL, '2025-08-14 12:29:20'),
(300, 8, 4, 10, 32, '2025-09-01 23:00:00', NULL, '2025-08-14 12:29:20'),
(301, 9, 4, 9, 33, '2025-09-02 01:00:00', NULL, '2025-08-14 12:29:20'),
(302, 10, 4, 9, 34, '2025-09-02 03:00:00', NULL, '2025-08-14 12:29:20'),
(303, 11, 4, 3, 35, '2025-09-02 05:00:00', NULL, '2025-08-14 12:29:20'),
(304, 12, 4, 16, 36, '2025-09-02 07:00:00', NULL, '2025-08-14 12:29:20'),
(305, 1, 5, 3, 26, '2025-09-01 10:00:00', NULL, '2025-08-14 12:29:20'),
(306, 2, 5, 7, 27, '2025-09-01 12:00:00', NULL, '2025-08-14 12:29:20'),
(307, 3, 5, 13, 28, '2025-09-01 14:00:00', NULL, '2025-08-14 12:29:20'),
(308, 4, 5, 15, 29, '2025-09-01 16:00:00', NULL, '2025-08-14 12:29:20'),
(309, 6, 5, 16, 31, '2025-09-01 20:00:00', NULL, '2025-08-14 12:29:20'),
(310, 7, 5, 5, 32, '2025-09-01 22:00:00', NULL, '2025-08-14 12:29:20'),
(311, 8, 5, 17, 33, '2025-09-02 00:00:00', NULL, '2025-08-14 12:29:20'),
(312, 9, 5, 12, 34, '2025-09-02 02:00:00', NULL, '2025-08-14 12:29:20'),
(313, 10, 5, 15, 35, '2025-09-02 04:00:00', NULL, '2025-08-14 12:29:20'),
(314, 11, 5, 15, 36, '2025-09-02 06:00:00', NULL, '2025-08-14 12:29:20'),
(315, 12, 5, 7, 37, '2025-09-02 08:00:00', NULL, '2025-08-14 12:29:20'),
(316, 1, 6, 20, 27, '2025-09-01 11:00:00', NULL, '2025-08-14 12:29:20'),
(317, 2, 6, 10, 28, '2025-09-01 13:00:00', NULL, '2025-08-14 12:29:20'),
(318, 3, 6, 16, 29, '2025-09-01 15:00:00', NULL, '2025-08-14 12:29:20'),
(319, 4, 6, 5, 30, '2025-09-01 17:00:00', NULL, '2025-08-14 12:29:20'),
(320, 5, 6, 19, 31, '2025-09-01 19:00:00', NULL, '2025-08-14 12:29:20'),
(321, 7, 6, 22, 33, '2025-09-01 23:00:00', NULL, '2025-08-14 12:29:20'),
(322, 8, 6, 15, 34, '2025-09-02 01:00:00', NULL, '2025-08-14 12:29:20'),
(323, 9, 6, 21, 35, '2025-09-02 03:00:00', NULL, '2025-08-14 12:29:20'),
(324, 10, 6, 19, 36, '2025-09-02 05:00:00', NULL, '2025-08-14 12:29:20'),
(325, 11, 6, 3, 37, '2025-09-02 07:00:00', NULL, '2025-08-14 12:29:20'),
(326, 12, 6, 3, 38, '2025-09-02 09:00:00', NULL, '2025-08-14 12:29:20'),
(327, 1, 7, 15, 28, '2025-09-01 12:00:00', NULL, '2025-08-14 12:29:20'),
(328, 2, 7, 13, 29, '2025-09-01 14:00:00', NULL, '2025-08-14 12:29:20'),
(329, 3, 7, 21, 30, '2025-09-01 16:00:00', NULL, '2025-08-14 12:29:20'),
(330, 4, 7, 8, 31, '2025-09-01 18:00:00', NULL, '2025-08-14 12:29:20'),
(331, 5, 7, 16, 32, '2025-09-01 20:00:00', NULL, '2025-08-14 12:29:20'),
(332, 6, 7, 18, 33, '2025-09-01 22:00:00', NULL, '2025-08-14 12:29:20'),
(333, 8, 7, 16, 35, '2025-09-02 02:00:00', NULL, '2025-08-14 12:29:20'),
(334, 9, 7, 11, 36, '2025-09-02 04:00:00', NULL, '2025-08-14 12:29:20'),
(335, 10, 7, 13, 37, '2025-09-02 06:00:00', NULL, '2025-08-14 12:29:20'),
(336, 11, 7, 3, 38, '2025-09-02 08:00:00', NULL, '2025-08-14 12:29:20'),
(337, 12, 7, 9, 39, '2025-09-02 10:00:00', NULL, '2025-08-14 12:29:20'),
(338, 1, 8, 5, 29, '2025-09-01 13:00:00', NULL, '2025-08-14 12:29:20'),
(339, 2, 8, 7, 30, '2025-09-01 15:00:00', NULL, '2025-08-14 12:29:20'),
(340, 3, 8, 10, 31, '2025-09-01 17:00:00', NULL, '2025-08-14 12:29:20'),
(341, 4, 8, 4, 32, '2025-09-01 19:00:00', NULL, '2025-08-14 12:29:20'),
(342, 5, 8, 17, 33, '2025-09-01 21:00:00', NULL, '2025-08-14 12:29:20'),
(343, 6, 8, 12, 34, '2025-09-01 23:00:00', NULL, '2025-08-14 12:29:20'),
(344, 7, 8, 4, 35, '2025-09-02 01:00:00', NULL, '2025-08-14 12:29:20'),
(345, 9, 8, 6, 37, '2025-09-02 05:00:00', NULL, '2025-08-14 12:29:20'),
(346, 10, 8, 4, 38, '2025-09-02 07:00:00', NULL, '2025-08-14 12:29:20'),
(347, 11, 8, 17, 39, '2025-09-02 09:00:00', NULL, '2025-08-14 12:29:20'),
(348, 12, 8, 18, 40, '2025-09-02 11:00:00', NULL, '2025-08-14 12:29:20'),
(349, 1, 9, 9, 30, '2025-09-01 14:00:00', NULL, '2025-08-14 12:29:20'),
(350, 2, 9, 22, 31, '2025-09-01 16:00:00', NULL, '2025-08-14 12:29:20'),
(351, 3, 9, 4, 32, '2025-09-01 18:00:00', NULL, '2025-08-14 12:29:20'),
(352, 4, 9, 21, 33, '2025-09-01 20:00:00', NULL, '2025-08-14 12:29:20'),
(353, 5, 9, 14, 34, '2025-09-01 22:00:00', NULL, '2025-08-14 12:29:20'),
(354, 6, 9, 15, 35, '2025-09-02 00:00:00', NULL, '2025-08-14 12:29:20'),
(355, 7, 9, 9, 36, '2025-09-02 02:00:00', NULL, '2025-08-14 12:29:20'),
(356, 8, 9, 13, 37, '2025-09-02 04:00:00', NULL, '2025-08-14 12:29:20'),
(357, 10, 9, 21, 39, '2025-09-02 08:00:00', NULL, '2025-08-14 12:29:20'),
(358, 11, 9, 19, 40, '2025-09-02 10:00:00', NULL, '2025-08-14 12:29:20'),
(359, 12, 9, 6, 41, '2025-09-02 12:00:00', NULL, '2025-08-14 12:29:20'),
(360, 1, 10, 11, 31, '2025-09-01 15:00:00', NULL, '2025-08-14 12:29:20'),
(361, 2, 10, 15, 32, '2025-09-01 17:00:00', NULL, '2025-08-14 12:29:20'),
(362, 3, 10, 17, 33, '2025-09-01 19:00:00', NULL, '2025-08-14 12:29:20'),
(363, 4, 10, 4, 34, '2025-09-01 21:00:00', NULL, '2025-08-14 12:29:20'),
(364, 5, 10, 22, 35, '2025-09-01 23:00:00', NULL, '2025-08-14 12:29:20'),
(365, 6, 10, 8, 36, '2025-09-02 01:00:00', NULL, '2025-08-14 12:29:20'),
(366, 7, 10, 10, 37, '2025-09-02 03:00:00', NULL, '2025-08-14 12:29:20'),
(367, 8, 10, 16, 38, '2025-09-02 05:00:00', NULL, '2025-08-14 12:29:20'),
(368, 9, 10, 17, 39, '2025-09-02 07:00:00', NULL, '2025-08-14 12:29:20'),
(369, 11, 10, 16, 41, '2025-09-02 11:00:00', NULL, '2025-08-14 12:29:20'),
(370, 12, 10, 7, 42, '2025-09-02 13:00:00', NULL, '2025-08-14 12:29:20'),
(371, 1, 11, 6, 32, '2025-09-01 16:00:00', NULL, '2025-08-14 12:29:20'),
(372, 2, 11, 3, 33, '2025-09-01 18:00:00', NULL, '2025-08-14 12:29:20'),
(373, 3, 11, 13, 34, '2025-09-01 20:00:00', NULL, '2025-08-14 12:29:20'),
(374, 4, 11, 18, 35, '2025-09-01 22:00:00', NULL, '2025-08-14 12:29:20'),
(375, 5, 11, 19, 36, '2025-09-02 00:00:00', NULL, '2025-08-14 12:29:20'),
(376, 6, 11, 10, 37, '2025-09-02 02:00:00', NULL, '2025-08-14 12:29:20'),
(377, 7, 11, 8, 38, '2025-09-02 04:00:00', NULL, '2025-08-14 12:29:20'),
(378, 8, 11, 14, 39, '2025-09-02 06:00:00', NULL, '2025-08-14 12:29:20'),
(379, 9, 11, 6, 40, '2025-09-02 08:00:00', NULL, '2025-08-14 12:29:20'),
(380, 10, 11, 13, 41, '2025-09-02 10:00:00', NULL, '2025-08-14 12:29:20'),
(381, 12, 11, 6, 43, '2025-09-02 14:00:00', NULL, '2025-08-14 12:29:20'),
(382, 1, 12, 17, 33, '2025-09-01 17:00:00', NULL, '2025-08-14 12:29:20'),
(383, 2, 12, 5, 34, '2025-09-01 19:00:00', NULL, '2025-08-14 12:29:20'),
(384, 3, 12, 15, 35, '2025-09-01 21:00:00', NULL, '2025-08-14 12:29:20'),
(385, 4, 12, 17, 36, '2025-09-01 23:00:00', NULL, '2025-08-14 12:29:20'),
(386, 5, 12, 13, 37, '2025-09-02 01:00:00', NULL, '2025-08-14 12:29:20'),
(387, 6, 12, 8, 38, '2025-09-02 03:00:00', NULL, '2025-08-14 12:29:20'),
(388, 7, 12, 17, 39, '2025-09-02 05:00:00', NULL, '2025-08-14 12:29:20'),
(389, 8, 12, 8, 40, '2025-09-02 07:00:00', NULL, '2025-08-14 12:29:20'),
(390, 9, 12, 12, 41, '2025-09-02 09:00:00', NULL, '2025-08-14 12:29:20'),
(391, 10, 12, 8, 42, '2025-09-02 11:00:00', NULL, '2025-08-14 12:29:20'),
(392, 11, 12, 7, 43, '2025-09-02 13:00:00', NULL, '2025-08-14 12:29:20');

--
-- Déclencheurs `trips`
--
DROP TRIGGER IF EXISTS `trips_validate_before_ins`;
DELIMITER $$
CREATE TRIGGER `trips_validate_before_ins` BEFORE INSERT ON `trips` FOR EACH ROW BEGIN
  IF NEW.origin_agency_id = NEW.destination_agency_id THEN
    SIGNAL SQLSTATE '45000'
      SET MESSAGE_TEXT = 'origin_agency_id and destination_agency_id must differ';
  END IF;
END
$$
DELIMITER ;
DROP TRIGGER IF EXISTS `trips_validate_before_upd`;
DELIMITER $$
CREATE TRIGGER `trips_validate_before_upd` BEFORE UPDATE ON `trips` FOR EACH ROW BEGIN
  IF NEW.origin_agency_id = NEW.destination_agency_id THEN
    SIGNAL SQLSTATE '45000'
      SET MESSAGE_TEXT = 'origin_agency_id and destination_agency_id must differ';
  END IF;
END
$$
DELIMITER ;

-- --------------------------------------------------------

--
-- Structure de la table `users`
--

DROP TABLE IF EXISTS `users`;
CREATE TABLE IF NOT EXISTS `users` (
  `id` int(10) UNSIGNED NOT NULL AUTO_INCREMENT,
  `prenom` varchar(50) NOT NULL,
  `nom` varchar(50) NOT NULL,
  `telephone` varchar(20) DEFAULT NULL,
  `email` varchar(100) NOT NULL,
  `password_hash` varchar(100) NOT NULL,
  `role` enum('user','admin') NOT NULL DEFAULT 'user',
  `created_at` timestamp NULL DEFAULT current_timestamp(),
  PRIMARY KEY (`id`),
  UNIQUE KEY `email` (`email`)
) ENGINE=InnoDB AUTO_INCREMENT=23 DEFAULT CHARSET=utf8mb4 COLLATE=utf8mb4_uca1400_ai_ci;

--
-- Déchargement des données de la table `users`
--

INSERT INTO `users` (`id`, `prenom`, `nom`, `telephone`, `email`, `password_hash`, `role`, `created_at`) VALUES
(1, 'John', 'Doe', '0612244896', 'john.doe@email.fr', '$2y$10$D6y1k6ons3vuDwsA.Daejee7RbwZvYPCTyI2AeggjTQo3CswtercK', 'admin', '2025-08-12 10:57:15'),
(3, 'Alexandre', 'Martin', '0612345678', 'alexandre.martin@email.fr', '$2y$10$WttSLK8lsY.a7vvl07QA8exZoW47SCamUnqSIbzJzeXthMWXh8UfC', 'user', '2025-08-14 11:38:35'),
(4, 'Sophie', 'Dubois', '0698765432', 'sophie.dubois@email.fr', '$2y$10$WttSLK8lsY.a7vvl07QA8exZoW47SCamUnqSIbzJzeXthMWXh8UfC', 'user', '2025-08-14 11:38:35'),
(5, 'Julien', 'Bernard', '0622446688', 'julien.bernard@email.fr', '$2y$10$WttSLK8lsY.a7vvl07QA8exZoW47SCamUnqSIbzJzeXthMWXh8UfC', 'user', '2025-08-14 11:38:35'),
(6, 'Camille', 'Moreau', '0611223344', 'camille.moreau@email.fr', '$2y$10$WttSLK8lsY.a7vvl07QA8exZoW47SCamUnqSIbzJzeXthMWXh8UfC', 'user', '2025-08-14 11:38:35'),
(7, 'Lucie', 'Lefèvre', '0777889900', 'lucie.lefevre@email.fr', '$2y$10$WttSLK8lsY.a7vvl07QA8exZoW47SCamUnqSIbzJzeXthMWXh8UfC', 'user', '2025-08-14 11:38:35'),
(8, 'Thomas', 'Leroy', '0655443322', 'thomas.leroy@email.fr', '$2y$10$WttSLK8lsY.a7vvl07QA8exZoW47SCamUnqSIbzJzeXthMWXh8UfC', 'user', '2025-08-14 11:38:35'),
(9, 'Chloé', 'Roux', '0633221199', 'chloe.roux@email.fr', '$2y$10$WttSLK8lsY.a7vvl07QA8exZoW47SCamUnqSIbzJzeXthMWXh8UfC', 'user', '2025-08-14 11:38:35'),
(10, 'Maxime', 'Petit', '0766778899', 'maxime.petit@email.fr', '$2y$10$WttSLK8lsY.a7vvl07QA8exZoW47SCamUnqSIbzJzeXthMWXh8UfC', 'user', '2025-08-14 11:38:35'),
(11, 'Laura', 'Garnier', '0688776655', 'laura.garnier@email.fr', '$2y$10$WttSLK8lsY.a7vvl07QA8exZoW47SCamUnqSIbzJzeXthMWXh8UfC', 'user', '2025-08-14 11:38:35'),
(12, 'Antoine', 'Dupuis', '0744556677', 'antoine.dupuis@email.fr', '$2y$10$WttSLK8lsY.a7vvl07QA8exZoW47SCamUnqSIbzJzeXthMWXh8UfC', 'user', '2025-08-14 11:38:35'),
(13, 'Emma', 'Lefebvre', '0699887766', 'emma.lefebvre@email.fr', '$2y$10$WttSLK8lsY.a7vvl07QA8exZoW47SCamUnqSIbzJzeXthMWXh8UfC', 'user', '2025-08-14 11:38:35'),
(14, 'Louis', 'Fontaine', '0655667788', 'louis.fontaine@email.fr', '$2y$10$WttSLK8lsY.a7vvl07QA8exZoW47SCamUnqSIbzJzeXthMWXh8UfC', 'user', '2025-08-14 11:38:35'),
(15, 'Clara', 'Chevalier', '0788990011', 'clara.chevalier@email.fr', '$2y$10$WttSLK8lsY.a7vvl07QA8exZoW47SCamUnqSIbzJzeXthMWXh8UfC', 'user', '2025-08-14 11:38:35'),
(16, 'Nicolas', 'Robin', '0644332211', 'nicolas.robin@email.fr', '$2y$10$WttSLK8lsY.a7vvl07QA8exZoW47SCamUnqSIbzJzeXthMWXh8UfC', 'user', '2025-08-14 11:38:35'),
(17, 'Marine', 'Gauthier', '0677889922', 'marine.gauthier@email.fr', '$2y$10$WttSLK8lsY.a7vvl07QA8exZoW47SCamUnqSIbzJzeXthMWXh8UfC', 'user', '2025-08-14 11:38:35'),
(18, 'Pierre', 'Fournier', '0722334455', 'pierre.fournier@email.fr', '$2y$10$WttSLK8lsY.a7vvl07QA8exZoW47SCamUnqSIbzJzeXthMWXh8UfC', 'user', '2025-08-14 11:38:35'),
(19, 'Sarah', 'Girard', '0688665544', 'sarah.girard@email.fr', '$2y$10$WttSLK8lsY.a7vvl07QA8exZoW47SCamUnqSIbzJzeXthMWXh8UfC', 'user', '2025-08-14 11:38:35'),
(20, 'Hugo', 'Lambert', '0611223366', 'hugo.lambert@email.fr', '$2y$10$WttSLK8lsY.a7vvl07QA8exZoW47SCamUnqSIbzJzeXthMWXh8UfC', 'user', '2025-08-14 11:38:35'),
(21, 'Julie', 'Masson', '0733445566', 'julia.masson@email.fr', '$2y$10$WttSLK8lsY.a7vvl07QA8exZoW47SCamUnqSIbzJzeXthMWXh8UfC', 'user', '2025-08-14 11:38:35'),
(22, 'Arthur', 'Henry', '0666554433', 'arthur.henry@email.fr', '$2y$10$WttSLK8lsY.a7vvl07QA8exZoW47SCamUnqSIbzJzeXthMWXh8UfC', 'user', '2025-08-14 11:38:35');

--
-- Contraintes pour les tables déchargées
--

--
-- Contraintes pour la table `trips`
--
ALTER TABLE `trips`
  ADD CONSTRAINT `fk_trips_author` FOREIGN KEY (`author_user_id`) REFERENCES `users` (`id`) ON DELETE SET NULL ON UPDATE CASCADE,
  ADD CONSTRAINT `fk_trips_destination` FOREIGN KEY (`destination_agency_id`) REFERENCES `agencies` (`id`) ON UPDATE CASCADE,
  ADD CONSTRAINT `fk_trips_origin` FOREIGN KEY (`origin_agency_id`) REFERENCES `agencies` (`id`) ON UPDATE CASCADE;
COMMIT;

/*!40101 SET CHARACTER_SET_CLIENT=@OLD_CHARACTER_SET_CLIENT */;
/*!40101 SET CHARACTER_SET_RESULTS=@OLD_CHARACTER_SET_RESULTS */;
/*!40101 SET COLLATION_CONNECTION=@OLD_COLLATION_CONNECTION */;
